[{"fields": {"active": true, "current_week": 1, "name": "2015 NCAA Football", "users": [1]}, "model": "picker.season", "pk": 1}, {"fields": {"active": true, "current_week": 1, "name": "Test Season, Please Ignore", "users": [1, 13]}, "model": "picker.season", "pk": 2}, {"fields": {"primary_color": "#a80000", "name": "Mississippi State", "rank": 11, "abreviation": "MSU"}, "model": "picker.team", "pk": 3}, {"fields": {"primary_color": "(0, 0, 0)", "name": "Louisiana State", "rank": null, "abreviation": "LSU"}, "model": "picker.team", "pk": 4}, {"fields": {"primary_color": "(0, 0, 0)", "name": "Texas A&M", "rank": null, "abreviation": "TAMU"}, "model": "picker.team", "pk": 5}, {"fields": {"primary_color": "(0, 0, 0)", "name": "Arkansas", "rank": null, "abreviation": "AK"}, "model": "picker.team", "pk": 6}, {"fields": {"primary_color": "(0, 0, 0)", "name": "Ole Miss", "rank": null, "abreviation": "TSUN"}, "model": "picker.team", "pk": 7}, {"fields": {"primary_color": "(0, 0, 0)", "name": "Kentucky", "rank": null, "abreviation": "KY"}, "model": "picker.team", "pk": 8}, {"fields": {"primary_color": "(0, 0, 0)", "name": "Alabama", "rank": null, "abreviation": "UA"}, "model": "picker.team", "pk": 9}, {"fields": {"primary_color": "(0, 0, 0)", "name": "Auburn", "rank": null, "abreviation": "AU"}, "model": "picker.team", "pk": 10}, {"fields": {"primary_color": "(0, 0, 0)", "name": "Missoury", "rank": null, "abreviation": "MIZZ"}, "model": "picker.team", "pk": 11}, {"fields": {"primary_color": "(0, 0, 0)", "name": "Georgia", "rank": null, "abreviation": "GA"}, "model": "picker.team", "pk": 12}, {"fields": {"primary_color": "(0, 0, 0)", "name": "Florida", "rank": null, "abreviation": "FL"}, "model": "picker.team", "pk": 13}, {"fields": {"primary_color": "(0, 0, 0)", "name": "South Carolina", "rank": null, "abreviation": "SC"}, "model": "picker.team", "pk": 14}, {"fields": {"primary_color": "(0, 0, 0)", "name": "Vanderbilt", "rank": null, "abreviation": "VN"}, "model": "picker.team", "pk": 15}, {"fields": {"primary_color": "(0, 0, 0)", "name": "Tennessee", "rank": null, "abreviation": "TN"}, "model": "picker.team", "pk": 16}, {"fields": {"primary_color": "(0, 0, 0)", "name": "Memphis", "rank": null, "abreviation": "UMEM"}, "model": "picker.team", "pk": 17}, {"fields": {"primary_color": "#000000", "name": "Wisconsin", "rank": null, "abreviation": "WSCN"}, "model": "picker.team", "pk": 18}, {"fields": {"primary_color": "#000000", "name": "North Carolina", "rank": null, "abreviation": "NC"}, "model": "picker.team", "pk": 19}, {"fields": {"primary_color": "#000000", "name": "Louisville", "rank": null, "abreviation": "LOUI"}, "model": "picker.team", "pk": 20}, {"fields": {"week": 1, "home_team": 19, "away_team": 14, "complete": false, "season": 1, "kickoff_time": "2015-09-03T00:00:00Z", "home_score": null, "away_score": null}, "model": "picker.game", "pk": 6}, {"fields": {"week": 1, "home_team": 18, "away_team": 9, "complete": false, "season": 1, "kickoff_time": "2015-09-05T00:00:00Z", "home_score": null, "away_score": null}, "model": "picker.game", "pk": 7}, {"fields": {"week": 1, "home_team": 20, "away_team": 10, "complete": false, "season": 1, "kickoff_time": "2015-09-05T00:00:00Z", "home_score": null, "away_score": null}, "model": "picker.game", "pk": 8}, {"fields": {"funny_winner_name": "", "funny_looser_name": "", "author": 1, "timestamp": "2015-07-22T18:50:40.180Z", "winner": 14, "game": 6}, "model": "picker.pick", "pk": 23}, {"fields": {"funny_winner_name": "", "funny_looser_name": "", "author": 1, "timestamp": "2015-07-22T18:50:40.180Z", "winner": 19, "game": 6}, "model": "picker.pick", "pk": 24}, {"fields": {"funny_winner_name": null, "funny_looser_name": null, "author": 1, "timestamp": "2015-07-22T19:06:53.197Z", "winner": 14, "game": 6}, "model": "picker.pick", "pk": 25}, {"fields": {"funny_winner_name": null, "funny_looser_name": null, "author": 1, "timestamp": "2015-07-23T02:13:44.118Z", "winner": 9, "game": 7}, "model": "picker.pick", "pk": 26}, {"fields": {"funny_winner_name": "", "funny_looser_name": "", "author": 1, "timestamp": "2015-07-23T02:58:47.843Z", "winner": 9, "game": 7}, "model": "picker.pick", "pk": 27}, {"fields": {"funny_winner_name": "", "funny_looser_name": "", "author": 1, "timestamp": "2015-07-23T02:58:47.843Z", "winner": 18, "game": 7}, "model": "picker.pick", "pk": 28}, {"fields": {"funny_winner_name": "", "funny_looser_name": "", "author": 1, "timestamp": "2015-07-23T02:58:47.843Z", "winner": 9, "game": 7}, "model": "picker.pick", "pk": 29}, {"fields": {"funny_winner_name": null, "funny_looser_name": null, "author": 1, "timestamp": "2015-07-23T04:19:33.086Z", "winner": 9, "game": 7}, "model": "picker.pick", "pk": 30}, {"fields": {"funny_winner_name": null, "funny_looser_name": null, "author": 1, "timestamp": "2015-07-23T04:32:50.820Z", "winner": 9, "game": 7}, "model": "picker.pick", "pk": 31}, {"fields": {"funny_winner_name": null, "funny_looser_name": null, "author": 1, "timestamp": "2015-07-23T04:32:50.820Z", "winner": 9, "game": 7}, "model": "picker.pick", "pk": 32}, {"fields": {"funny_winner_name": null, "funny_looser_name": null, "author": 1, "timestamp": "2015-07-23T04:32:50.820Z", "winner": 18, "game": 7}, "model": "picker.pick", "pk": 33}, {"fields": {"funny_winner_name": null, "funny_looser_name": null, "author": 1, "timestamp": "2015-07-23T04:32:50.820Z", "winner": 9, "game": 7}, "model": "picker.pick", "pk": 34}, {"fields": {"funny_winner_name": null, "funny_looser_name": null, "author": 1, "timestamp": "2015-07-23T04:32:50.820Z", "winner": 18, "game": 7}, "model": "picker.pick", "pk": 35}, {"fields": {"funny_winner_name": null, "funny_looser_name": null, "author": 1, "timestamp": "2015-07-23T04:32:50.820Z", "winner": 9, "game": 7}, "model": "picker.pick", "pk": 36}, {"fields": {"funny_winner_name": null, "funny_looser_name": null, "author": 1, "timestamp": "2015-07-23T04:32:50.820Z", "winner": 18, "game": 7}, "model": "picker.pick", "pk": 37}, {"fields": {"funny_winner_name": null, "funny_looser_name": null, "author": 1, "timestamp": "2015-07-23T04:32:50.820Z", "winner": 9, "game": 7}, "model": "picker.pick", "pk": 38}, {"fields": {"funny_winner_name": null, "funny_looser_name": null, "author": 1, "timestamp": "2015-07-23T04:40:28.476Z", "winner": 19, "game": 6}, "model": "picker.pick", "pk": 39}]